日付,#,星,カード名,ゲーム,URL
2024/02/11,1,2,風ちゃん,,https://x.com/benjaming_ming/status/1756637482815512853
2024/02/12,1,3,ちくび,,https://x.com/benjaming_ming/status/1757001695450554761
2024/02/13,1,1,パミル,,https://x.com/benjaming_ming/status/1757404769822322701
2024/02/14,1,1,マーブルマッドネス,,https://x.com/benjaming_ming/status/1757752942424412419
2024/02/15,1,2,サキエル,,https://x.com/benjaming_ming/status/1758124039196090449
2024/02/16,1,2,フラグの国のアリス,,https://x.com/benjaming_ming/status/1758464007927906343
2024/02/17,1,2,ジュディ,,https://x.com/benjaming_ming/status/1758811323222372705
2024/02/18,1,3,セーラームーン(3DO),,https://x.com/benjaming_ming/status/1759179979374653460
2024/02/19,1,3,ミラノ,ミラノのアルバイトこれくしょん,https://x.com/benjaming_ming/status/1759556590674551247
2024/02/20,1,2,ムウマ,,https://x.com/benjaming_ming/status/1759914429909704847
2024/02/22,1,2,ちゃお,,https://x.com/benjaming_ming/status/1760666309858337204
2024/02/23,1,3,マリナ,,https://x.com/benjaming_ming/status/1760986135227179519
2024/02/24,1,3,ウィザード,ウィザード・オブ・イモータル,https://x.com/benjaming_ming/status/1761390913224650797
2024/02/25,1,2,NON HUMAN,Action 52,https://x.com/benjaming_ming/status/1761627412063047961
2024/02/26,1,2,兄貴,,https://x.com/benjaming_ming/status/1762089972142932207
2024/02/27,1,2,えりか,,https://x.com/benjaming_ming/status/1762465819815186676
2024/02/28,1,2,ドラゴン,,https://x.com/benjaming_ming/status/1762834051692724280
2024/02/29,1,2,エダルト,てきぱきワーキンラブ,https://x.com/benjaming_ming/status/1763177148557459587
2024/02/29,2,2,アラン,,https://x.com/benjaming_ming/status/1763178886354121198
2024/03/01,1,3,LINK,Link The Faces of Evil,https://x.com/benjaming_ming/status/1763540430552277085
2024/03/02,1,2,チーターマン,,https://x.com/benjaming_ming/status/1763902973686812760
2024/03/03,1,4,マルク,,https://x.com/benjaming_ming/status/1764271205039866033
2024/03/04,1,1,小林ひとみ,,https://x.com/benjaming_ming/status/1764631033193103805
2024/03/05,1,2,キャプテンプラネット,,https://x.com/benjaming_ming/status/1765009712238797232
2024/03/06,1,2,おしゃべりマン,,https://x.com/benjaming_ming/status/1765356842765672721
2024/03/07,1,3,Isis,,https://x.com/benjaming_ming/status/1765721535183274369
2024/03/08,1,1,ココロン,,https://x.com/benjaming_ming/status/1766057758338769090
2024/03/09,1,3,松永ともみ,,https://x.com/benjaming_ming/status/1766433011686608969
2024/03/09,2,1,カイ,カイの冒険,https://x.com/benjaming_ming/status/1766441727748096221
2024/03/10,1,1,健太,,https://x.com/benjaming_ming/status/1766796857970422150
2024/03/10,2,1,トリオ・ザ・バンシー,ぷよぷよ通,https://x.com/benjaming_ming/status/1766813377404588204
2024/03/11,2,1,スペランカー,スペランカー,https://x.com/benjaming_ming/status/1767189171054272853
2024/03/11,1,4,邪鬼王,忍者龍剣伝,https://x.com/benjaming_ming/status/1767183840416829462
2024/03/12,2,1,ギムギム,,https://x.com/benjaming_ming/status/1767549576209457192
2024/03/12,1,2,もと子ちゃん,もと子ちゃんのワンダーキッチン,https://x.com/benjaming_ming/status/1767536951727694220
2024/03/13,1,2,バーニー,,https://x.com/benjaming_ming/status/1767902033842205160
2024/03/14,2,1,HEXAPOD WAR,HEXAPOD WAR,https://x.com/benjaming_ming/status/1768255860948787671
2024/03/14,1,3,マミ,爆裂無敵バンガイオー,https://x.com/benjaming_ming/status/1768241857870623023
2024/03/15,2,2,一瀬るり,姐,https://x.com/benjaming_ming/status/1768633618245829117
2024/03/15,2,5,ケイブマン,,https://x.com/benjaming_ming/status/1768641126247116887
2024/03/16,1,5,大道寺知世,,https://x.com/benjaming_ming/status/1769002892424540638
2024/03/16,2,1,アウトラン,,https://x.com/benjaming_ming/status/1769013788920230169
2024/03/17,1,2,パル,,https://x.com/benjaming_ming/status/1769330832119111864
2024/03/17,2,1,魚田大吾郎,ボコ夢の達人,https://x.com/benjaming_ming/status/1769345117331321290
2024/03/17,3,3,鈴鈴,,https://x.com/benjaming_ming/status/1769350860684034443
2024/03/18,1,2,キララ,風来のシレン2,https://x.com/benjaming_ming/status/1769706013987655850
2024/03/18,2,5,英雄,ギミック!,https://x.com/benjaming_ming/status/1769724576739582122
2024/03/19,1,3,巨人,ソード・オブ・ソダン,https://x.com/benjaming_ming/status/1770060609255776295
2024/03/19,2,1,槍兵,ソード・オブ・ソダン,https://x.com/benjaming_ming/status/1770090969171709975
2024/03/20,1,1,カイ,カイの冒険,https://x.com/benjaming_ming/status/1770409978190528885
2024/03/20,2,2,チーターマン,,https://x.com/benjaming_ming/status/1770455846482481233
2024/03/21,1,5,エコールロゴ,デスクリムゾン,https://x.com/benjaming_ming/status/1770786257062301920
2024/03/21,2,2,ムウマ,,https://x.com/benjaming_ming/status/1770822709649318196
2024/03/22,1,1,シルバーサンド,,https://x.com/benjaming_ming/status/1771159761142284534
2024/03/23,1,2,オトッキー,,https://x.com/benjaming_ming/status/1771505650410909837
2024/03/23,2,2,巨大コウモリ,恐怖の館,https://x.com/benjaming_ming/status/1771532246886879552
2024/03/24,2,3,デビッドゴールドマン(27才),激写ボーイ,https://x.com/benjaming_ming/status/1771877204554874905
2024/03/24,1,1,エアロ,アクロバットキッズ,https://x.com/benjaming_ming/status/1771863815405154347
2024/03/25,1,3,さよちゃん(あっかんべぇだぁ～),あっかんべぇだぁ～,https://x.com/benjaming_ming/status/1772245940784746883
2024/03/25,2,1,ひろし,恐怖の館,https://x.com/benjaming_ming/status/1772259913693372687
2024/03/26,1,2,ゴードン,,https://x.com/benjaming_ming/status/1772598576088027347
2024/03/26,2,2,タイクーン王,,https://x.com/benjaming_ming/status/1772614839673790951
2024/03/27,1,3,デビッドゴールドマン(27才),激写ボーイ,https://x.com/benjaming_ming/status/1772972508829921573
2024/03/27,2,2,キャプテンノボリン,,https://x.com/benjaming_ming/status/1772991993976705420
2024/03/28,1,3,ホーンテッドヒル,Action 52,https://x.com/benjaming_ming/status/1773322795713183961
2024/03/29,1,1,マミー,ドラゴンナイト2,https://x.com/benjaming_ming/status/1773710134939934902
2024/03/29,2,2,花形美剣,,https://x.com/benjaming_ming/status/1773716878076391910
2024/03/30,1,2,ブラックナイト,,https://x.com/benjaming_ming/status/1774031467259277659
2024/03/30,2,3,リップ,キャプテンレインボー,https://x.com/benjaming_ming/status/1774039972942840042
2024/03/31,1,3,レオ♥,ズール 魔獣使い伝説,https://x.com/benjaming_ming/status/1774395367406350509
2024/04/01,1,1,スーパーマン,Superman 64,https://x.com/benjaming_ming/status/1774768693345714270
2024/04/02,1,1,へんべえ,パラソルへんべえ,https://x.com/benjaming_ming/status/1775141236443349414
2024/04/02,2,2,パコ王子,,https://x.com/benjaming_ming/status/1775167047271579726
2024/04/03,1,1,ヴァルコール,ジム・パワー,https://x.com/benjaming_ming/status/1775507340751737276
2024/04/03,2,3,マリナ,,https://x.com/benjaming_ming/status/1775535395536797720
2024/04/04,1,1,ポッサム,,https://x.com/benjaming_ming/status/1775875609245503778
2024/04/05,1,1,シェル,,https://x.com/benjaming_ming/status/1776235737111036234
2024/04/05,2,3,松永みかげ,,https://x.com/benjaming_ming/status/1776241773180031447
2024/04/06,1,3,木村ヒロシ,,https://x.com/benjaming_ming/status/1776569457487261946
2024/04/06,2,1,ホテルマリオ,Hotel Mario,https://x.com/benjaming_ming/status/1776580795567841693
2024/04/07,1,1,チャーリー,ハローチャーリー,https://x.com/benjaming_ming/status/1776933972611829795
2024/04/07,1,2,マクシミリアン,,https://x.com/benjaming_ming/status/1776961133657854101
2024/04/08,1,3,タルるーと,,https://x.com/benjaming_ming/status/1777339852687892664
2024/04/08,2,5,名門純愛お嬢様私立女子高生,,https://x.com/benjaming_ming/status/1777345934206374378
2024/04/09,1,1,ヴァルコール,,https://x.com/benjaming_ming/status/1777690528160870684
2024/04/09,2,3,ちくび,,https://x.com/benjaming_ming/status/1777696128257114375
2024/04/10,1,2,キャプテントッド,,https://x.com/benjaming_ming/status/1778036422437638615
2024/04/10,2,2,ダビデ,,https://x.com/benjaming_ming/status/1778040738514882991
2024/04/11,1,3,猫店長,,https://x.com/benjaming_ming/status/1778397656106365036
2024/04/11,2,1,ペン子,,https://x.com/benjaming_ming/status/1778418491546329376
2024/04/12,1,1,レスター,,https://x.com/benjaming_ming/status/1778765918551847014
2024/04/12,2,1,ゴブリン,ウィザード・オブ・イモータル,https://x.com/benjaming_ming/status/1778782968624168966
2024/04/13,2,1,腕力,,https://x.com/benjaming_ming/status/1779127404604297357
2024/04/13,1,3,トロンボーン,ロックマンDASH,https://x.com/benjaming_ming/status/1779117058829295675
2024/04/14,1,2,イギーくん,イギーくんのぶらぶらぽよん,https://x.com/benjaming_ming/status/1779519394210832797
2024/04/15,1,1,金剛寺麗香,,https://x.com/benjaming_ming/status/1779873470614311222
2024/04/17,1,3,シルヴィアーナ,,https://x.com/benjaming_ming/status/1780565335030333615
2024/04/18,1,2,Atlantis guy,,https://x.com/benjaming_ming/status/1780927018487693785
2024/04/19,1,3,エリアス,,https://x.com/benjaming_ming/status/1781293945068429713
2024/04/20,1,5,メイズパズル,,https://x.com/benjaming_ming/status/1781682103505310058
2024/04/21,1,1,フィンレター,,https://x.com/benjaming_ming/status/1782012300330983598
2024/04/21,2,2,アラン,,https://x.com/benjaming_ming/status/1782052096927539240
2024/04/22,1,1,パミル,,https://x.com/benjaming_ming/status/1782384272370020669
2024/04/22,2,4,ピーターパン(40),フック,https://x.com/benjaming_ming/status/1782414745909514717
2024/04/23,1,4,アルルナジャ,,https://x.com/benjaming_ming/status/1782754555761172853
2024/04/24,1,1,コロ助,キテレツ大百科,https://x.com/benjaming_ming/status/1783132870556684720
2024/04/25,1,1,アンナ,ウィザード・オブ・イモータル,https://x.com/benjaming_ming/status/1783474484718284807
2024/04/25,2,3,日向あずさ,メタルスレイダーグローリー,https://x.com/benjaming_ming/status/1783491949422608626
2024/04/26,1,1,ガーフィールド,ガーフィールドの一週間,https://x.com/benjaming_ming/status/1783861872699277575
2024/04/27,1,3,テグザー,テグザー,https://x.com/benjaming_ming/status/1784216266246701419
2024/04/28,1,1,へんべえ,パラソルへんべえ,https://x.com/benjaming_ming/status/1784558611433505136
2024/04/28,2,2,ノア,,https://x.com/benjaming_ming/status/1784585784957567387
2024/04/29,1,1,一郎さん,,https://x.com/benjaming_ming/status/1784932664618999906
2024/04/30,1,1,ジャッキー,XaviX ボクシング,https://x.com/benjaming_ming/status/1785293576672600564
2024/04/30,2,2,花形美剣,,https://x.com/benjaming_ming/status/1784949315150156236
2024/05/01,1,1,バーディ,,https://x.com/benjaming_ming/status/1785647112161804751
2024/05/01,2,5,ジムパワー(NES),Jim Power The Lost Dimension,https://x.com/benjaming_ming/status/1785674062804799841
2024/05/02,1,1,ホテルマリオ,Hotel Mario,https://x.com/benjaming_ming/status/1786032186606723243
2024/05/03,1,3,ジョー・ムサシ,,https://x.com/benjaming_ming/status/1786387791225765912
2024/05/04,1,4,電脳漂流者,電脳漂流,https://x.com/benjaming_ming/status/1786746685575807122
2024/05/04,2,2,やどかり美少女,,https://x.com/benjaming_ming/status/1786748521330430350
2024/05/05,1,3,リュウ・ハヤブサ,忍者龍剣伝,https://x.com/benjaming_ming/status/1787133672753369464
2024/05/06,1,1,ムササビ,デスクリムゾン,https://x.com/benjaming_ming/status/1787447119449878706
2024/05/07,1,2,ピチュー(My Friend Monster 2),My Friend Monster 2,https://x.com/benjaming_ming/status/1787816443268211072
2024/05/07,2,4,みき＆みさと,,https://x.com/benjaming_ming/status/1787818411021746454
2024/05/08,1,2,ロボキッド,,https://x.com/benjaming_ming/status/1788193560833192081
2024/05/08,2,3,スーパーピッグ,,https://x.com/benjaming_ming/status/1788199332916940946
2024/05/08,3,4,シーモンド,,https://x.com/benjaming_ming/status/1788217406965616716
2024/05/09,1,1,スーパーマン,Superman 64,https://x.com/benjaming_ming/status/1788533974765297908
2024/05/10,1,2,パトラ子,クレオパトラフォーチュン,https://x.com/benjaming_ming/status/1788906562398081486
2024/05/11,1,3,高速まばたき,ジム・パワー,https://x.com/benjaming_ming/status/1789297056273838444
2024/05/13,1,2,睦月三好,ナージュリーブル,https://x.com/benjaming_ming/status/1789992520161632634
2024/05/14,1,3,まなちゃん,,https://x.com/benjaming_ming/status/1790358622788280466
2024/05/15,1,2,むらむすめ,,https://x.com/benjaming_ming/status/1790726320877699277
2024/05/18,1,1,ジーキル博士,ジーキル博士の彷魔が刻,https://x.com/benjaming_ming/status/1791809703762415928
2024/05/19,1,2,一瀬るり,姐,https://x.com/benjaming_ming/status/1792200652162232434
2024/05/20,1,2,ニャンコ,,https://x.com/benjaming_ming/status/1792550679179133100
2024/05/21,1,2,クラゲが欲しいOL,,https://x.com/benjaming_ming/status/1792914973309521999
2024/05/24,1,1,かるがーも,ヨッシーストーリー,https://x.com/benjaming_ming/status/1794001787760103886
2024/05/25,1,1,HEXAPOD WAR,,https://x.com/benjaming_ming/status/1794341417625760143
2024/05/27,1,1,ジーキル博士,ジーキル博士の彷魔が刻,https://x.com/benjaming_ming/status/1795080070236701052
2024/06/01,1,1,カイ,カイの冒険,https://x.com/benjaming_ming/status/1796901610662273034
2025/01/03,1,5,光翼エヴァ初号機,新世紀エヴァンゲリオン,https://x.com/benjaming_ming/status/1875155012940398972
2025/01/03,2,1,カメレオンキッド,カメレオンキッド,https://x.com/benjaming_ming/status/1875161962977628278
2025/01/04,1,1,ダニー,デスクリムゾン2,https://x.com/benjaming_ming/status/1875509044464718250
2025/01/04,2,1,トリオ・ザ・バンシー,ぷよぷよ通,https://x.com/benjaming_ming/status/1875515209596727470
2025/01/05,1,3,レオ♥,ズール 魔獣使い伝説,https://x.com/benjaming_ming/status/1875865134553542782
2025/01/05,2,1,ライカ,プラネットライカ,https://x.com/benjaming_ming/status/1875866104809279833
2025/01/06,1,1,魚田大吾郎,ボコ夢の達人,https://x.com/benjaming_ming/status/1876239144474841407
2025/01/06,2,3,エイプリル,プラネットライカ,https://x.com/benjaming_ming/status/1876244773599907902
2025/01/07,1,3,エリス,GEAR戦士電童,https://x.com/benjaming_ming/status/1876598864607850958
2025/01/07,2,1,アウトラン,アウトラン,https://x.com/benjaming_ming/status/1876604582845096415
2025/01/08,1,2,エダルト,てきぱきワーキンラブ,https://x.com/benjaming_ming/status/1876949674206040147
2025/01/08,2,3,バービー,Barbie,https://x.com/benjaming_ming/status/1876960327662735535
2025/01/09,1,1,スペランカー,スペランカー,https://x.com/benjaming_ming/status/1877322864929509818
2025/01/09,2,3,チャーリー,ハローチャーリー,https://x.com/benjaming_ming/status/1877331094820823148
2025/01/10,1,1,きんどーちゃん,マカロニほうれん荘インタラクティブ,https://x.com/benjaming_ming/status/1877703667752571328
2025/01/10,2,5,光の崇拝者スパーキー,ロードモバイル,https://x.com/benjaming_ming/status/1877711336840327613
2025/01/11,1,1,ダニー,デスクリムゾン2,https://x.com/benjaming_ming/status/1878041016324042965
2025/01/11,2,5,よろしくハイネケンド,スーパーロボット大戦64,https://x.com/benjaming_ming/status/1878054645118927281
2025/01/12,1,4,デス,悪魔城伝説,https://x.com/benjaming_ming/status/1878401980445634942
2025/01/12,2,3,LINK,Link The Faces of Evil,https://x.com/benjaming_ming/status/1878421746711191912
2025/01/13,1,3,ライデン,ミスティックフォーミュラ,https://x.com/benjaming_ming/status/1878768944288612374
2025/01/13,2,2,イギーくん,イギーくんのぶらぶらぽよん,https://x.com/benjaming_ming/status/1878774937508593989
2025/01/14,1,3,日向あずさ,メタルスレイダーグローリー,https://x.com/benjaming_ming/status/1879152469705626069
2025/01/14,2,3,シャンティ(ハーピー),Shantae,https://x.com/benjaming_ming/status/1879157706243919983
2025/01/15,1,4,ワンダーモモ,ワンダーモモ,https://x.com/benjaming_ming/status/1879513686316097691
2025/01/16,1,2,キキーモラ,ぷよぷよ～ん,https://x.com/benjaming_ming/status/1879879095577944129
2025/01/16,2,4,ドグマ,パラノイアエスケープ,https://x.com/benjaming_ming/status/1879881085771018369
2025/01/17,1,3,ぱっぱら,ぱっぱらぱおーん,https://x.com/benjaming_ming/status/1880238700166365479
2025/01/17,2,3,麻宮アテナ,サイコソルジャー,https://x.com/benjaming_ming/status/1880244781173055809
2025/01/18,1,2,リンダ・ルーベルト,エクストラブライト,https://x.com/benjaming_ming/status/1880575524147466362
2025/01/18,2,1,マジョのてした,ハイレグファンタジー,https://x.com/benjaming_ming/status/1880589660176674864
2025/01/19,1,5,ガンター ノ エサ,MDK,https://x.com/benjaming_ming/status/1880936906911096930
2025/01/19,2,1,ジョナサンハーカー(GG),Bram Stoker's Dracula,https://x.com/benjaming_ming/status/1880948648462397768
2025/01/20,1,5,マリア・ラーネッド,悪魔城ドラキュラX,https://x.com/benjaming_ming/status/1881300207520165910
2025/01/20,2,3,ミラー,くるくるまるまる,https://x.com/benjaming_ming/status/1881333945180229643
2025/01/21,1,1,こぐまちゃん,こぐまちゃんの大冒険,https://x.com/benjaming_ming/status/1881681075908513836
2025/01/21,2,5,戦士ライコス,シェイプシフター,https://x.com/benjaming_ming/status/1881685779287834961
2025/01/22,1,1,カリフラワー,魔導物語,https://x.com/benjaming_ming/status/1882052027351699773
2025/01/22,2,1,エビアン(ニブニブ),トマック,https://x.com/benjaming_ming/status/1882058698065170882
2025/01/23,1,3,早乙女彩,ドッチDEボール,https://x.com/benjaming_ming/status/1882388218085306853
2025/01/23,2,3,陳,香港97,https://x.com/benjaming_ming/status/1882424875085897983
2025/01/24,1,5,スクリーミングマッド・ジョージ,パラノイアエスケープ,https://x.com/benjaming_ming/status/1882762158011977815
2025/01/24,2,4,ルルー,,https://x.com/benjaming_ming/status/1882773930894934317
2025/01/25,1,1,トモちゃん,爆走トモちゃん,https://x.com/benjaming_ming/status/1883124033203696099
2025/01/25,2,3,チャックJr,チャックロック2,https://x.com/benjaming_ming/status/1883142252853354747
2025/01/26,1,2,ゾンビハンター,ゾンビハンター,https://x.com/benjaming_ming/status/1883497107203707077
2025/01/26,2,3,おやゆびひめ,てれび紙芝居Vol1,https://x.com/benjaming_ming/status/1883514037549613157